genotype	signature	mutation_type	transcribed	untranscribed	p_value	q_value	real_ratio
Polk	SBS-Polk	C>A	293.909093332899	141.977411343885	3.3059149188722e-7	5.45475961613913e-6	2.07011165051473
Polk	SBS-Polk	C>G	547.534475386559	247.691027897498	7.98510658661129e-15	3.29385646697715e-13	2.21055433470584
Polk	SBS-Polk	C>T	203.235325910952	134.546802428887	0.0079672959077224	0.0626001821321045	1.5105176952709
Polk	SBS-Polk	T>A	57.9025928763803	50.7522963336674	0.445858681214616	1	1.1408861679027
Polk	SBS-Polk	T>C	44.7463119685343	41.718856186753	0.575737921885507	1	1.07256804376968
Polk	SBS-Polk	T>G	36.0085199974801	23.6174578935379	0.0959214605405628	0.633081639567714	1.52465689405685
WT	SBS-Polk	C>A	0	0	1	1	NA
WT	SBS-Polk	C>G	6.22015840924617	5.04343255113173	1	1	1.2333184485337
WT	SBS-Polk	C>T	0	0	1	1	NA
WT	SBS-Polk	T>A	0	0	1	1	NA
WT	SBS-Polk	T>C	0	0	1	1	NA
WT	SBS-Polk	T>G	0	0	1	1	NA
Xpa_Polk	SBS-Polk	C>A	201.932043434964	116.439194671309	0.0015459340774436	0.0255079122778194	1.73422741375865
Xpa_Polk	SBS-Polk	C>G	295.546508774947	140.778734513086	1.06752278643115e-7	4.40353149402853e-6	2.09936898351273
Xpa_Polk	SBS-Polk	C>T	90.920547382819	59.1818319865195	0.0968613173097615	0.998882334756915	1.53629153290707
Xpa_Polk	SBS-Polk	T>A	15.891538487004	8.52572043432094	0.259188651336892	1	1.86395256675687
Xpa_Polk	SBS-Polk	T>C	12.6761794676955	10.8377409944557	0.776130071924499	1	1.16963299585958
Xpa_Polk	SBS-Polk	T>G	4.63964779188282	1.16545307266271	0.3006993006993	1	3.98098207530794
Xpa	SBS-Polk	C>A	0	0	1	1	NA
Xpa	SBS-Polk	C>G	20.7069243934625	10.4363126231883	0.238778015166866	1	1.98412266296565
Xpa	SBS-Polk	C>T	0	0	1	1	NA
Xpa	SBS-Polk	T>A	0	0	1	1	NA
Xpa	SBS-Polk	T>C	0	0	1	1	NA
Xpa	SBS-Polk	T>G	0	0	1	1	NA
Xpc_Polk	SBS-Polk	C>A	192.337589769471	75.8818454054338	9.09173947190615e-7	1.00009134190967e-5	2.53469836878398
Xpc_Polk	SBS-Polk	C>G	572.22861452594	215.050244712797	3.93926197437116e-20	1.29995645154248e-18	2.66090659552682
Xpc_Polk	SBS-Polk	C>T	30.6116027818791	24.9186674128098	0.708715982949423	1	1.22846066664635
Xpc_Polk	SBS-Polk	T>A	0	0	1	1	NA
Xpc_Polk	SBS-Polk	T>C	0	0	1	1	NA
Xpc_Polk	SBS-Polk	T>G	1.57887550622073	1.04145849579609	1	1	1.51602345421728
Xpc	SBS-Polk	C>A	0	0	1	1	NA
Xpc	SBS-Polk	C>G	15.8427063727808	19.4185415027589	0.636560206723564	1	1.22570860343165
Xpc	SBS-Polk	C>T	0	0	1	1	NA
Xpc	SBS-Polk	T>A	0	0	1	1	NA
Xpc	SBS-Polk	T>C	0	0	1	1	NA
Xpc	SBS-Polk	T>G	0	0	1	1	NA
Polk	SBS-NER	C>A	2.05271893717949	2.30500643418754	1	1	1.12290406272311
Polk	SBS-NER	C>G	0	0	1	1	NA
Polk	SBS-NER	C>T	7.45398823786454	6.76730936968886	1	1	1.10146999799526
Polk	SBS-NER	T>A	9.33716236654442	7.60948305367813	0.751316741739704	1	1.22704292797277
Polk	SBS-NER	T>C	3.03212337426295	1.89470155195229	0.523809523809524	1	1.60031714289708
Polk	SBS-NER	T>G	1.37642871914128	1.9285250018978	1	1	1.40110779082039
WT	SBS-NER	C>A	15.9828492287019	14.9907192068408	1	1	1.06618295014213
WT	SBS-NER	C>G	4.31204561159155	1.87077524721518	0.523809523809523	1	2.30495117893526
WT	SBS-NER	C>T	37.5308702063824	39.0190822927132	0.875630594082302	1	1.0396530130569
WT	SBS-NER	T>A	11.8816624233748	14.7337694062559	0.794549867210765	1	1.24004275506684
WT	SBS-NER	T>C	17.280970012701	17.102224949359	1	1	1.01045156778555
WT	SBS-NER	T>G	8.34361515516496	10.0593650355126	1	1	1.20563626778561
Xpa_Polk	SBS-NER	C>A	23.5275567105469	17.4195049716165	0.674699656901432	1	1.35064439252911
Xpa_Polk	SBS-NER	C>G	0	0	1	1	NA
Xpa_Polk	SBS-NER	C>T	14.6420160303714	8.90961834319786	0.402631942206281	1	1.64339430336542
Xpa_Polk	SBS-NER	T>A	16.1018312009125	20.7889380955137	0.821484064057701	1	1.29109154332307
Xpa_Polk	SBS-NER	T>C	1.09996635595657	2.24076764226237	1	1	2.03712379940359
Xpa_Polk	SBS-NER	T>G	3.01971551675538	4.59008784697196	1	1	1.52003982544153
Xpa	SBS-NER	C>A	65.0438070865781	65.1094166080445	1	1	1.00100869743646
Xpa	SBS-NER	C>G	2.28471669428211	0.551297201605277	0.464285714285714	1	4.14425592516963
Xpa	SBS-NER	C>T	59.7828021493381	52.3562836245501	0.706558556767902	1	1.14184579215064
Xpa	SBS-NER	T>A	22.8657146520497	21.5857866579699	0.840485801439519	1	1.05929494321242
Xpa	SBS-NER	T>C	16.7415041712664	16.7910393311103	0.811279667555842	1	1.00295882373155
Xpa	SBS-NER	T>G	7.1706089290499	8.72880765851661	1	1	1.21730354351832
Xpc_Polk	SBS-NER	C>A	312.847771087136	148.69508637737	2.17784437038898e-8	3.26676655558347e-7	2.10395500422365
Xpc_Polk	SBS-NER	C>G	0	0	1	1	NA
Xpc_Polk	SBS-NER	C>T	324.733165773776	180.193152284337	7.85890579547215e-6	7.62776150737003e-5	1.80213932470286
Xpc_Polk	SBS-NER	T>A	270.350743471958	131.417739906432	1.34958119968144e-8	2.22680897947438e-7	2.0571860668464
Xpc_Polk	SBS-NER	T>C	78.6642849796318	35.2133233656329	9.552247633583e-4	0.00685269938930954	2.23393526827421
Xpc_Polk	SBS-NER	T>G	52.1709079932595	50.7500937666885	0.597136645095707	1	1.02799628771333
Xpc	SBS-NER	C>A	339.659477729502	145.831930927627	1.83782453450641e-10	7.58102620483896e-9	2.32911595950866
Xpc	SBS-NER	C>G	45.7168522725796	24.6261940721128	0.084406471700499	0.682448831981668	1.8564319008738
Xpc	SBS-NER	C>T	242.86384911980701	139.78672738672	2.259764364273e-4	0.00310717600087537	1.73738847500109
Xpc	SBS-NER	T>A	170.410993051288	108.828807350094	0.0017529344883667	0.0192822793720337	1.56586291075568
Xpc	SBS-NER	T>C	67.4621332092624	60.5829425927273	0.406531456893685	1	1.11354995848882
Xpc	SBS-NER	T>G	56.0063476485148	49.3494061432352	0.354156495929699	1	1.13489405497521
